"num_deaths_sp","num_deaths_synthetic_sp","lives_saved"
124076.912675433,144408.078047594,20331.1653721605
