term,estimate,std.error,statistic,p.value,conf.low,conf.high
lgdpenl1,-6.819727930485244e-15,1e-6,-6.8197279304852445e-9,0.9999999945925433,-2.021075397126001e-6,2.0210753834865452e-6
