term,estimate,std.error,statistic,p.value,conf.low,conf.high,modelo
(Intercept),0,1.0000000000000002e-6,0,1,-2.0210753903062735e-6,2.0210753903062735e-6,ols_simple
gdp_g,0.9999999999999858,1.0000000000000002e-6,999999.9999999856,1.3784652871242316e-209,0.9999979789245955,1.0000020210753762,ols_simple
lgdpenl1,-6.819727930485244e-15,1e-6,-6.8197279304852445e-9,0.9999999945925433,-2.021075397126001e-6,2.0210753834865452e-6,ols_full
lgdpenl1,-6.819727930485244e-15,1e-6,-6.8197279304852445e-9,0.9999999945925433,-2.021075397126001e-6,2.0210753834865452e-6,reduced_form
lgdpenl1,-6.819727930485244e-15,1e-6,-6.8197279304852445e-9,0.9999999945925433,-2.021075397126001e-6,2.0210753834865452e-6,iv_main
